Year,USA,China,Germany,Japan,India,Brazil,Nigeria,Australia
1995,27718.1,460.3,28711.3,41486.9,385.7,4719.4,207.0,20007.4
1996,28044.0,630.5,28610.3,41844.9,395.3,5140.1,224.7,20343.2
1997,29793.8,898.5,30050.8,42550.7,512.9,4820.3,323.2,21048.8
1998,29849.3,634.9,30423.3,43395.4,417.0,5294.0,307.5,21790.7
1999,31346.6,687.7,30842.1,43007.4,530.7,5359.0,279.5,22683.3
2000,32070.8,864.5,32657.3,43945.9,497.0,5609.2,316.3,23673.4
2001,32410.6,921.0,32711.8,42290.5,546.7,5709.2,274.9,23289.2
2002,33233.8,1199.8,34247.9,44496.8,678.3,5791.6,361.0,24859.5
2003,35050.1,1222.6,35200.4,45298.1,658.6,6179.0,297.7,25734.3
2004,36135.5,1555.2,36043.3,44864.1,692.2,6364.1,306.4,26286.1
2005,36374.2,1333.8,35864.9,45805.5,702.3,6299.4,364.4,27511.8
2006,37267.6,1607.9,37463.7,46307.5,867.5,6862.7,365.3,27897.1
2007,38775.0,1936.6,38970.2,45795.3,823.4,6682.8,374.8,28834.2
2008,40235.6,1857.3,38593.3,46486.7,917.3,7088.8,476.6,29934.0
2009,38766.0,2053.7,38085.4,43636.1,1005.5,6982.7,454.2,29105.7
2010,42197.4,2300.4,40721.4,47493.4,1008.2,7218.7,420.0,31278.5
2011,43300.1,2384.2,41608.7,47292.4,1092.1,7620.8,415.3,32970.7
2012,44958.1,2666.1,43019.3,47909.5,1217.3,7707.4,532.0,34099.9
2013,45974.9,3066.8,43870.5,48000.0,1303.1,8030.5,548.2,34310.1
2014,46555.0,3545.7,45601.1,48441.1,1430.8,8133.1,531.5,36201.2
2015,49224.3,3763.4,46366.1,49096.1,1473.2,8832.5,552.1,37109.2
2016,49732.5,3924.3,48304.2,50232.0,1692.8,9113.1,607.2,38211.7
2017,50967.9,4425.4,48862.6,49482.1,1678.6,9064.9,561.7,39341.5
2018,53574.9,4817.0,50903.2,51033.4,1953.3,9392.0,579.5,40089.5
2019,53838.9,5179.5,51722.4,51331.7,2070.3,9745.1,654.7,41913.5
2020,52421.8,5572.0,50740.5,49017.0,2091.0,9535.1,590.9,41033.4
2021,57140.9,6472.4,54818.7,51543.2,2300.8,10619.7,712.6,43903.9
2022,58419.6,6816.0,56079.1,52449.3,2426.8,10858.1,769.3,45762.4
2023,60429.4,7635.8,56383.5,51915.3,2737.5,11071.9,741.9,47452.5
